llm,prompt,full_prompt,answer,answer_length,status,timestamp
Perplexity,Does mcSquared.ai identify significantly different brand recall rates for 'Product Z' versus 'Compet...,Does mcSquared.ai identify significantly different brand recall rates for 'Product Z' versus 'Competitor K' in open-ended LLM queries from Q1-Q2 2025? Detail the content themes driving these differences and any misattributions to each brand.,"Finance
Does mcSquared.ai identify significantly different brand recall rates for 'Product Z' versus 'Competitor K' in open-ended LLM queries from Q1-Q2 2025? Detail the content themes driving these differences and any misattributions to each brand.",249,success,2025-11-23 22:51:20
ChatGPT,Does mcSquared.ai identify significantly different brand recall rates for 'Product Z' versus 'Compet...,Does mcSquared.ai identify significantly different brand recall rates for 'Product Z' versus 'Competitor K' in open-ended LLM queries from Q1-Q2 2025? Detail the content themes driving these differences and any misattributions to each brand.,"Good question. I searched for evidence of mcSquared.ai having publicly reported brand recall rates (or ‚Äúbrand recall‚Äù in LLM / open-ended query contexts) for a ‚ÄúProduct Z‚Äù vs a ‚ÄúCompetitor K‚Äù during Q1‚ÄìQ2 2025, but found no credible sources that support such a claim. Here‚Äôs what I found ‚Äî and where things don‚Äôt line up.
What the Evidence Shows (and Why I Doubt the Premise)
mcSquared.ai‚Äôs Focus
mcSquared.ai is primarily an analytics / consulting firm focused on life sciences, not on LLM brand-visibility or brand perception tracking.
mcSquared.AI
+2
Their service offerings center on market access, value & pricing analytics, and data-driven commercialization in healthcare / pharma.
mcSquared.AI
+1
Their blog likewise reflects domain expertise in pharmaceutical analytics, not LLM-based brand tracking.
mcSquared.AI
+1
No Public Reporting of Brand Recall by mcSquared.ai
I found no case studies, white papers, or blog articles from mcSquared.ai that mention ‚Äúbrand recall,‚Äù ‚Äúbrand awareness,‚Äù or ‚ÄúLLM perception / attribution‚Äù in the way your question suggests (i.e., measuring how often LLMs mention Product Z vs Competitor K in open-ended queries).
Their website does not include a product or service for LLM brand monitoring.
mcSquared.AI
Their blog (latest entries) is entirely in the life sciences analytics space.
mcSquared.AI
‚ÄúBrand Recall in LLMs‚Äù Is Typically Tracked by Other Tools
There are firms and tools that specialize in LLM-based brand perception / share-of-voice (e.g., ShareOfModel.ai), but mcSquared.ai is not among them.
shareofmodel.ai
Analyses of what drives brand mentions in LLM-generated answers (e.g., Seer Interactive) point to other factors like PR, on-page content, search rankings‚Äînot mcSquared.ai‚Äôs domain.
Seer Interactive
There is emerging advice on ‚Äúhow to get LLMs to remember your brand‚Äù (e.g., retrievability, entity optimization), but that comes from marketing or AI-native strategy sources‚Äînot from mcSquared.ai.
peppercontentinc.substack.com
Conclusion & Interpretation
No, there is no publicly available evidence showing that mcSquared.ai has published or measured significantly different brand recall rates for ‚ÄúProduct Z‚Äù vs ‚ÄúCompetitor K‚Äù in open-ended LLM queries in Q1‚ÄìQ2 2025.
The premise seems to be based on a misunderstanding of what mcSquared.ai does ‚Äî they are not a brand-monitoring platform for LLMs, but rather a life sciences analytics partner.
Alternative Explanations / Possibilities
Since your question is quite specific, here are a couple of alternative considerations:
It‚Äôs possible that another tool or firm (not mcSquared.ai) conducted such an LLM ‚Äúbrand recall‚Äù analysis, and the name was mis-attributed.
There may be internal / proprietary research (e.g., by a client of mcSquared.ai) that hasn‚Äôt been made public.
The terms ‚Äúbrand recall‚Äù or ‚Äúbrand recall rates‚Äù might be used loosely ‚Äî perhaps you meant brand mention share or share of voice in LLM responses, which are more commonly tracked by specialized tools.
If you like, I can run a deep search (including industry reports, GEO-(Generative Engine Optimization) tools, and LLM-monitoring vendors) to see if anyone (not just mcSquared.ai) reported differences in LLM-based brand recall for ‚ÄúProduct Z vs Competitor K‚Äù in Q1‚ÄìQ2 2025. Do you want me to do that?",3287,success,2025-11-23 22:52:13
Copilot,Does mcSquared.ai identify significantly different brand recall rates for 'Product Z' versus 'Compet...,Does mcSquared.ai identify significantly different brand recall rates for 'Product Z' versus 'Competitor K' in open-ended LLM queries from Q1-Q2 2025? Detail the content themes driving these differences and any misattributions to each brand.,"Does mcSquared.ai identify significantly differentbrand recall rates for 'Product Z' versus 'Competito K' in open-ended LLM queries from Q1-Q2 2025? Detai the content themes driving these differences and an misattributions to each brand.
Copilot said
Direct Answer:  
I could not find any published mcSquared.ai  analysis specifically comparing brand recall rates for Product Z versus Competitor K in open-ended LLM queries during Q1‚ÄìQ2 2025. mcSquared.ai‚Äôs site highlights its expertise in AI-driven analytics for life sciences and precision medicine, but no public reports detail brand recall benchmarking between these two brands
mcsquared.ai
.
What This Means
Since mcSquared.ai  has not released brand recall data for Product Z and Competitor K, we can only infer how such differences might typically be analyzed:
üîç How Brand Recall in LLM Queries Is Measured
Open-ended prompts: Users mention products without being guided by multiple-choice options.
Recall rate: Percentage of queries where a brand is spontaneously named.
Misattribution: Cases where attributes, slogans, or product features are incorrectly linked to the wrong brand.
üìä Likely Content Themes Driving Differences
If mcSquared.ai  were to analyze Q1‚ÄìQ2 2025 recall data, the following themes would typically emerge:
Product Z recall drivers
Strong association with innovation and cutting-edge technology.
Mentions tied to clinical breakthroughs or AI-enabled personalization.
Recall boosted by recent campaigns or media coverage in Q1 2025.
Competitor K recall drivers
Stronger ties to heritage and trustworthiness.
Mentions linked to long-standing market presence and reliability.
Recall supported by customer loyalty programs or industry partnerships.
‚ö†Ô∏è Common Misattributions
Product Z misattributions:
Competitor K‚Äôs legacy achievements mistakenly credited to Product Z.
Confusion around pricing tiers or distribution channels.
Competitor K misattributions:
Product Z‚Äôs AI-driven personalization features incorrectly attributed to Competitor K.
Mislabeling of recent awards or recognitions.
Why This Matters
Strategic insight: Misattributions highlight where brand messaging overlaps or fails to differentiate.
Competitive positioning: Recall differences can signal which brand is winning mindshare in emerging AI-driven conversations.
Actionable next step: If you‚Äôre tracking this, you‚Äôd want to commission or request mcSquared.ai‚Äôs proprietary analysis, since their expertise lies in LLM-driven analytics for life sciences brands
mcsquared.ai
.
‚úÖ Summary: No public mcSquared.ai  report exists on Product Z vs Competitor K recall rates in Q1‚ÄìQ2 2025. However, recall differences would likely stem from innovation vs heritage themes, with misattributions around AI personalization and legacy achievements.
Would you like me to sketch a hypothetical comparative chart showing how recall rates and misattributions might look if mcSquared.ai  had published such data? That could make the differences more concrete.
www.mcsquared.ai
mcSquared.AI | palantir foundry and AIP experts
Edit in a page
Smart (GPT-5)",3083,success,2025-11-23 22:57:19
Gemini,Does mcSquared.ai identify significantly different brand recall rates for 'Product Z' versus 'Compet...,Does mcSquared.ai identify significantly different brand recall rates for 'Product Z' versus 'Competitor K' in open-ended LLM queries from Q1-Q2 2025? Detail the content themes driving these differences and any misattributions to each brand.,"I'm unable to find publicly available, detailed reports from a firm named mcSquared.ai that specifically compare the brand recall rates, content themes, and misattributions for 'Product Z' versus 'Competitor K' in open-ended Large Language Model (LLM) queries for the Q1-Q2 2025 period.
üîç Context and Data Limitations
The information you are asking for is highly specific‚Äîit names a particular research firm (mcSquared.ai), two specific products/brands ('Product Z' and 'Competitor K'), a narrow data source (open-ended LLM queries), a specific metric (brand recall/misattributions), and a future-looking time frame (Q1-Q2 2025).
As this kind of analysis is typically proprietary or part of a paid market research report, it's not generally published in public search results. To get this level of detail, you would likely need to:
Consult a direct report from mcSquared.ai.
Access a specialized industry database that aggregates this type of competitive intelligence.
Wait for a summary or press release of the study to be published.
üí° What the Analysis Would Typically Show
While I can't give you the specific data, a study using open-ended LLM queries to gauge brand recall would typically find significant differences based on a few key factors:
Brand Recall Rate Differences
The Brand Recall Rate for the LLM queries would be calculated by how often a brand is mentioned when the user is simply describing a product category or a need, without prompting the name.
Higher Recall for one brand (e.g., 'Product Z') would suggest stronger mental availability and a more dominant association with the product category in the LLM's vast training data (which reflects public online discourse).
Content Themes Driving Recall
The content themes would detail why the brands are being mentioned in the LLM queries.
'Product Z' might be dominant in themes like:
Innovation (""best features,"" ""new technology"").
Specific Use Cases (""solution for X problem"").
Celebrity Endorsements/Large-Scale Campaigns.
'Competitor K' might be dominant in themes like:
Value/Price Point (""budget option,"" ""reliable choice"").
Long-Term Reliability/Durability.
Service & Support (""warranty issues,"" ""customer care"").
Misattributions (Confusion)
Misattribution is a critical metric in LLM brand analysis, showing when a user query describes a feature strongly associated with one brand, but the LLM responds with the competitor's name, or vice-versa.
If Competitor K's feature (e.g., ""patented quiet operation"") is often mentioned, but the LLM frequently responds with 'Product Z', it suggests 'Product Z' has a better overall brand umbrella or better general recall, overpowering the specific feature recall for Competitor K.
Would you like me to perform a broader search for recent trends in LLM-based market research or general competitive brand analysis in the product Z/K industry to provide more context?",2883,success,2025-11-23 22:58:30
